<!DOCTYPE suite SYSTEM "http://testng.org/testng-1.0.dtd">
<suite name="Vision_Suite1" verbose="1" >

 <parameter name="OS" value="Windows"/>

 
  <test name="TC01_Chrome" >
  	 <parameter name="Browser" value="chrome"/>
    <classes>
       <class name="com.vision.testcases.VisionFirstTestCase" />
    </classes>
  </test>
  
   <test name="TC02_Chrome">
  	 <parameter name="Browser" value="chrome"/>
    <classes>
      <class name="com.vision.testcases.SearchJobTC"/>
 
    </classes>
  </test>
 
  <test name="TC01_firefox">
  	 <parameter name="Browser" value="firefox"/>
    <classes>
      <class name="com.vision.testcases.VisionFirstTestCase"/>
 
    </classes>
  </test>
  
    <test name="TC02_firefox">
  	 <parameter name="Browser" value="firefox"/>
    <classes>
      <class name="com.vision.testcases.SearchJobTC"/>
 
    </classes>
  </test>
</suite>
