<!DOCTYPE suite SYSTEM "http://testng.org/testng-1.0.dtd">
<suite name="Vision_Suite1" verbose="1" >

 <parameter name="OS" value="Windows"/>
 <parameter name="Browser" value="chrome"/>
 
  <test name="TC01_chrome" >
  	 
    <classes>
       <class name="com.vision.testcases.VisionFirstTestCase" />
    </classes>
  </test>
  
   <test name="TC02_chromex">
  	
    <classes>
      <class name="com.vision.testcases.SearchJobTC"/>
 
    </classes>
  </test>
 
  
</suite>
 
 